frame,dense_gflops,reti_gflops,energy_savings_pct,sensing_latency_ms
000008.png,45.2,45.25,-0.11061946902655162,23.483875091187656
000009.png,45.2,45.25,-0.11061946902655162,22.26641704328358
000010.png,45.2,45.25,-0.11061946902655162,23.86395796202123
000011.png,45.2,36.04259259259259,20.259750901343832,22.361542098224163
000012.png,45.2,37.31634460547504,17.44171547461275,24.673708016052842
000013.png,45.2,33.131159420289855,26.70097473387201,24.182624998502433
000014.png,45.2,45.25,-0.11061946902655162,23.584333015605807
000015.png,45.2,45.25,-0.11061946902655162,23.11812504194677
000016.png,45.2,45.25,-0.11061946902655162,23.02700001746416
000017.png,45.2,45.25,-0.11061946902655162,23.040915955789387
000018.png,45.2,45.25,-0.11061946902655162,23.08329101651907
000019.png,45.2,45.25,-0.11061946902655162,23.404666921123862
000020.png,45.2,41.35595813204509,8.504517406979895,23.498916998505592
000021.png,45.2,39.68188405797101,12.208221110683603,22.71358307916671
000022.png,45.2,41.210386473429956,8.826578598606293,23.567875032313168
000023.png,45.2,41.210386473429956,8.826578598606293,22.472458076663315
000024.png,45.2,41.02842190016103,9.22915508813933,23.236999986693263
000025.png,45.2,41.06481481481482,9.148639790232716,22.873125039041042
000026.png,45.2,41.06481481481482,9.148639790232716,23.088332964107394
000027.png,45.2,42.30217391304348,6.411119661408227,22.21487497445196
000028.png,45.2,42.59331723027375,5.7669972781554275,22.82237506005913
000029.png,45.2,45.25,-0.11061946902655162,23.227125057019293
000030.png,45.2,43.1756038647343,4.478752511649786,23.287415970116854
000031.png,45.2,42.556924315619966,5.84751257606203,23.203750024549663
000032.png,45.2,42.81167471819646,5.283905490715812,22.380457958206534
000033.png,45.2,13.151449275362321,70.90387328459664,23.04724999703467
000034.png,45.2,40.300563607085344,10.83946104627137,22.65654201619327
000035.png,45.2,34.887821148684914,22.814554980785594,23.72558298520744
000036.png,45.2,42.37495974235105,6.250089065595022,22.417041938751936
000037.png,45.2,32.649899516908214,27.76570903338891,22.96374994330108
000038.png,45.2,43.03003220611916,4.800813703276196,23.080167011357844
000039.png,45.2,45.25,-0.11061946902655162,22.727167000994086
000040.png,45.2,16.754347826086956,62.932858791843024,23.642417043447495
000041.png,45.2,18.696370799785292,58.636347788085644,22.763874963857234
000042.png,45.2,13.660950080515299,69.7766591139042,24.016333045437932
000043.png,45.2,10.641599785292541,76.4566376431581,23.10179197229445
000044.png,45.2,14.764383252818035,67.33543528137604,23.75279099214822
000045.png,45.2,45.25,-0.11061946902655162,23.66829104721546
000046.png,45.2,15.917310789049921,64.78471064369486,24.21925007365644
000047.png,45.2,15.808132045088568,65.02625653741467,23.41270900797099
000048.png,45.2,44.81328502415459,0.8555641058526908,24.011540925130248
000049.png,45.2,43.98585571658615,2.686159919057196,24.434874998405576
000050.png,45.2,45.25,-0.11061946902655162,25.035709026269615
000051.png,45.2,45.25,-0.11061946902655162,23.499457980506122
000052.png,45.2,45.25,-0.11061946902655162,22.754832985810935
000053.png,45.2,43.64871175523349,3.4320536388639633,23.90295802615583
000054.png,45.2,45.25,-0.11061946902655162,24.37170804478228
000055.png,45.2,45.25,-0.11061946902655162,23.3274589991197
000056.png,45.2,45.25,-0.11061946902655162,23.6650831066072
000057.png,45.2,45.25,-0.11061946902655162,22.643125033937395
000058.png,45.2,42.73888888888889,5.444936086529017,24.223415995948017
000059.png,45.2,44.376570048309176,1.8217476807319222,22.82849990297109
000060.png,45.2,42.37495974235105,6.250089065595022,23.250665981322527
000061.png,45.2,43.72149758454106,3.271023043050758,22.997083025984466
000062.png,45.2,39.86384863123994,11.805644621150579,22.59225002489984
000063.png,45.2,34.11376811594203,24.527061690393747,23.564875009469688
000064.png,45.2,34.25933977455717,24.205000498767326,22.56591699551791
000065.png,45.2,34.58687600644122,23.480362817607915,22.842374979518354
000066.png,45.2,39.17238325281804,13.335435281376029,22.790957940742373
000067.png,45.2,37.68027375201288,16.636562495546737,22.21741690300405
000068.png,45.2,39.20877616747182,13.254919983469438,22.1939169568941
000069.png,45.2,39.31795491143317,13.013374089749629,22.681665956042707
000070.png,45.2,37.24355877616747,17.602746070425958,22.308249957859516
000071.png,45.2,37.46191626409018,17.11965428298634,22.951125050894916
000072.png,45.2,45.25,-0.11061946902655162,22.630332969129086
000073.png,45.2,38.15338164251207,15.589863622760902,22.18045899644494
000074.png,45.2,38.335346215780994,15.187287133227889,22.530082962475717
000075.png,45.2,38.990418679549116,13.738011770909042,22.119667031802237
000076.png,45.2,45.25,-0.11061946902655162,22.240583901293576
000077.png,45.2,39.49991948470209,12.610797600216618,23.020291002467275
000078.png,45.2,45.25,-0.11061946902655162,22.81770796980709
000079.png,45.2,45.25,-0.11061946902655162,23.049209034070373
000080.png,45.2,45.25,-0.11061946902655162,22.141083027236164
000081.png,45.2,45.25,-0.11061946902655162,21.56441705301404
000082.png,45.2,45.25,-0.11061946902655162,22.155334008857608
000083.png,45.2,45.25,-0.11061946902655162,22.849959088489413
000084.png,45.2,45.06803542673108,0.29195702050647254,23.222167044878006
000085.png,45.2,44.647333333333336,1.2227138643067903,22.793374955654144
000086.png,45.2,45.25,-0.11061946902655162,23.71575008146465
000087.png,45.2,45.25,-0.11061946902655162,23.37616600561887
000088.png,45.2,45.25,-0.11061946902655162,24.013582966290414
000089.png,45.2,45.25,-0.11061946902655162,23.952874937094748
000090.png,45.2,45.25,-0.11061946902655162,25.344708934426308
000091.png,45.2,45.25,-0.11061946902655162,24.84391606412828
000092.png,45.2,45.25,-0.11061946902655162,23.820290924049914
000093.png,45.2,36.98880837359098,18.166353155772175,25.273125036619604
000094.png,45.2,40.15499194847021,11.16152223789777,24.10083299037069
000095.png,45.2,40.19138486312399,11.081006939991166,24.484290974214673
000096.png,45.2,40.409742351046695,10.597915152551563,24.108875077217817
000097.png,45.2,34.22294685990338,24.28551579667394,24.207000038586557
000098.png,45.2,45.25,-0.11061946902655162,23.482916061766446
000099.png,45.2,45.25,-0.11061946902655162,23.577042040415108
000100.png,45.2,45.25,-0.11061946902655162,23.127792053855956
000101.png,45.2,45.25,-0.11061946902655162,22.941833012737334
000102.png,45.2,45.25,-0.11061946902655162,23.66670803166926
000103.png,45.2,30.074154589371982,33.46425975802659,23.713417001999915
000104.png,45.2,45.25,-0.11061946902655162,23.221708019264042
000105.png,45.2,45.25,-0.11061946902655162,23.749083979055285
000106.png,45.2,45.25,-0.11061946902655162,23.422209080308676
000107.png,45.2,45.25,-0.11061946902655162,22.08516700193286
000108.png,45.2,45.25,-0.11061946902655162,21.778499940410256
000109.png,45.2,45.25,-0.11061946902655162,21.265959017910063
000110.png,45.2,45.25,-0.11061946902655162,21.4027080219239
000111.png,45.2,45.25,-0.11061946902655162,21.077999961562455
000112.png,45.2,45.25,-0.11061946902655162,21.09279204159975
000113.png,45.2,45.25,-0.11061946902655162,20.116165978834033
000114.png,45.2,45.25,-0.11061946902655162,21.746500045992434
000115.png,45.2,45.25,-0.11061946902655162,20.85791598074138
000116.png,45.2,45.25,-0.11061946902655162,20.758291939273477
000117.png,45.2,19.367941384863126,57.15057215738246,20.374458050355315
000118.png,45.2,23.089626409017715,48.9167557322617,20.558707998134196
000119.png,45.2,45.25,-0.11061946902655162,20.183458109386265
000120.png,45.2,29.09853333333334,35.622713864306775,19.77495790924877
000121.png,45.2,45.25,-0.11061946902655162,21.176583017222583
000122.png,45.2,45.25,-0.11061946902655162,21.193958935327828
000123.png,45.2,45.25,-0.11061946902655162,21.123584010638297
000124.png,45.2,45.14082125603865,0.13092642469325622,20.478416932746768
000125.png,45.2,40.26417069243156,10.919976344177961,19.64095898438245
000126.png,45.2,45.25,-0.11061946902655162,21.947583998553455
000127.png,45.2,42.92085346215781,5.042359596996004,24.30333395022899
000128.png,45.2,45.25,-0.11061946902655162,21.326791029423475
000129.png,45.2,45.25,-0.11061946902655162,21.090750000439584
000130.png,45.2,45.25,-0.11061946902655162,22.06691598985344
000131.png,45.2,45.25,-0.11061946902655162,21.171291009522974
000132.png,45.2,45.25,-0.11061946902655162,20.75825002975762
000133.png,45.2,45.25,-0.11061946902655162,20.724750007502735
000134.png,45.2,45.25,-0.11061946902655162,20.392834092490375
000135.png,45.2,45.25,-0.11061946902655162,21.531499922275543
000136.png,45.2,45.25,-0.11061946902655162,21.248540957458317
000137.png,45.2,41.35537584541063,8.505805651746401,21.587291033938527
000138.png,45.2,33.88580289855072,25.031409516480707,20.82904102280736
000139.png,45.2,12.753553408480945,71.78417387504216,22.608416038565338
000140.png,45.2,45.25,-0.11061946902655162,20.696833031252027
000141.png,45.2,40.955636070853465,9.390185683952513,21.277999971061945
000142.png,45.2,45.25,-0.11061946902655162,21.342875086702406
000143.png,45.2,45.25,-0.11061946902655162,19.941249978728592
000144.png,45.2,45.25,-0.11061946902655162,20.815957919694483
000145.png,45.2,45.25,-0.11061946902655162,20.910333027131855
000146.png,45.2,45.25,-0.11061946902655162,20.858999923802912
000147.png,45.2,45.25,-0.11061946902655162,21.26641699578613
000148.png,45.2,45.25,-0.11061946902655162,21.28870796877891
000149.png,45.2,45.25,-0.11061946902655162,21.476374939084053
000150.png,45.2,30.620048309178745,32.25653028942755,22.42020796984434
000151.png,45.2,45.25,-0.11061946902655162,20.741499960422516
000152.png,45.2,45.25,-0.11061946902655162,20.856042043305933
000153.png,45.2,45.03164251207729,0.37247231841307515,19.962624995969236
000000.png,45.2,29.27351046698873,35.23559631197184,37.738166050985456
000001.png,45.2,16.281239935587763,63.97955766462884,22.19287503976375
000002.png,45.2,40.518921095008054,10.356369258831744,22.820750018581748
000003.png,45.2,45.25,-0.11061946902655162,22.449999931268394
000004.png,45.2,44.194605475040255,2.224324170264924,22.408125107176602
000005.png,45.2,8.947339774557168,80.20500049876733,22.879790980368853
000006.png,45.2,31.115962426194315,31.159375163286917,23.009584052488208
000007.png,45.2,43.321466666666666,4.156047197640122,22.80220901593566
000008.png,45.2,43.442,3.889380530973452,23.75662501435727
000009.png,45.2,43.0804,4.689380530973464,22.68608403392136
000010.png,45.2,14.972841867954912,66.87424365496702,22.31675002258271
000011.png,45.2,45.25,-0.11061946902655162,22.946584038436413
000012.png,45.2,4.756816961889426,89.47606866838622,23.717166972346604
000013.png,45.2,39.9366344605475,11.644614025337386,22.738332976587117
000014.png,45.2,3.16610692431562,92.99533866301854,23.12441694084555
000015.png,45.2,45.25,-0.11061946902655162,22.262041922658682
000016.png,45.2,45.25,-0.11061946902655162,23.75200006645173
000017.png,45.2,45.25,-0.11061946902655162,21.984542021527886
000018.png,45.2,45.25,-0.11061946902655162,21.253916900604963
000019.png,45.2,45.25,-0.11061946902655162,22.44420803617686
000020.png,45.2,45.25,-0.11061946902655162,22.60200004093349
000021.png,45.2,45.25,-0.11061946902655162,21.834874991327524
000022.png,45.2,45.25,-0.11061946902655162,21.306041977368295
000023.png,45.2,45.25,-0.11061946902655162,20.985207986086607
000024.png,45.2,40.428666666666665,10.556047197640128,22.579208947718143
000025.png,45.2,45.25,-0.11061946902655162,22.02549995854497
000026.png,45.2,45.25,-0.11061946902655162,22.900834097526968
000027.png,45.2,45.25,-0.11061946902655162,22.84195797983557
000028.png,45.2,45.25,-0.11061946902655162,22.509542061015964
000029.png,45.2,45.25,-0.11061946902655162,23.157750023528934
000030.png,45.2,26.87157809983897,40.54960597380759,22.498957929201424
000031.png,45.2,38.480917874396134,14.865225941601478,21.443833014927804
000032.png,45.2,39.39074074074074,12.852343493936424,23.516957997344434
000033.png,45.2,45.25,-0.11061946902655162,23.217333015054464
000034.png,45.2,36.15177133655394,20.018205007624022,22.904125042259693
000035.png,45.2,35.64227053140097,21.14541917831645,23.734666989184916
000036.png,45.2,41.53792270531401,8.101940917446882,23.571625002659857
000037.png,45.2,38.735668276972625,14.30161885625526,22.25670893676579
000038.png,45.2,44.84967793880837,0.7750488079460882,23.148707929067314
000039.png,45.2,45.25,-0.11061946902655162,23.46395794302225
000040.png,45.2,45.25,-0.11061946902655162,23.983333026990294
000041.png,45.2,45.25,-0.11061946902655162,23.28800002578646
000042.png,45.2,45.25,-0.11061946902655162,23.198000038973987
000043.png,45.2,45.25,-0.11061946902655162,22.772916010580957
000044.png,45.2,37.025201288244766,18.08583785786557,23.23604200500995
000045.png,45.2,38.335346215780994,15.187287133227889,23.011708981357515
000046.png,45.2,41.28317230273752,8.6655480027931,23.04587501566857
000047.png,45.2,38.954025764895334,13.818527068815634,22.33654202427715
000048.png,45.2,34.15016103059581,24.446546392487146,23.263916024006903
000049.png,45.2,45.25,-0.11061946902655162,22.73112500552088
000050.png,45.2,45.25,-0.11061946902655162,22.409875062294304
000051.png,45.2,45.25,-0.11061946902655162,23.025625036098063
000052.png,45.2,45.25,-0.11061946902655162,22.811666945926845
000053.png,45.2,45.25,-0.11061946902655162,22.55512506235391
000054.png,45.2,45.25,-0.11061946902655162,21.86387497931719
000055.png,45.2,45.25,-0.11061946902655162,22.211375064216554
000056.png,45.2,45.25,-0.11061946902655162,22.252583992667496
000057.png,45.2,45.25,-0.11061946902655162,22.785292007029057
000058.png,45.2,45.25,-0.11061946902655162,22.36058295238763
000059.png,45.2,45.25,-0.11061946902655162,22.937375004403293
000060.png,45.2,45.25,-0.11061946902655162,23.593457997776568
000061.png,45.2,45.25,-0.11061946902655162,23.37850001640618
000062.png,45.2,45.25,-0.11061946902655162,22.489832947030663
000063.png,45.2,45.25,-0.11061946902655162,23.10245798435062
000064.png,45.2,45.25,-0.11061946902655162,23.585958988405764
000065.png,45.2,45.25,-0.11061946902655162,23.782541044056416
000066.png,45.2,45.25,-0.11061946902655162,22.494541946798563
000067.png,45.2,45.25,-0.11061946902655162,23.31454202067107
000068.png,45.2,45.25,-0.11061946902655162,23.030500044114888
000069.png,45.2,45.25,-0.11061946902655162,22.44995895307511
000070.png,45.2,45.25,-0.11061946902655162,22.369290934875607
000071.png,45.2,45.25,-0.11061946902655162,22.603207966312766
000072.png,45.2,45.25,-0.11061946902655162,23.301874985918403
000073.png,45.2,45.25,-0.11061946902655162,22.38116692751646
000074.png,45.2,45.25,-0.11061946902655162,23.445999948307872
000075.png,45.2,45.25,-0.11061946902655162,22.540500038303435
000076.png,45.2,45.25,-0.11061946902655162,22.840165998786688
000077.png,45.2,45.25,-0.11061946902655162,22.39216596353799
000078.png,45.2,45.25,-0.11061946902655162,23.532166960649192
000079.png,45.2,45.25,-0.11061946902655162,23.105415981262922
000080.png,45.2,45.25,-0.11061946902655162,23.030957905575633
000081.png,45.2,45.25,-0.11061946902655162,22.587334038689733
000082.png,45.2,45.25,-0.11061946902655162,23.01783300936222
000083.png,45.2,45.25,-0.11061946902655162,22.23433298058808
000084.png,45.2,45.25,-0.11061946902655162,22.44720794260502
000085.png,45.2,45.25,-0.11061946902655162,22.261375095695257
000086.png,45.2,45.25,-0.11061946902655162,21.719499956816435
000087.png,45.2,45.25,-0.11061946902655162,23.228334030136466
000088.png,45.2,45.25,-0.11061946902655162,23.891583899967372
000089.png,45.2,45.25,-0.11061946902655162,22.320167045108974
000090.png,45.2,45.25,-0.11061946902655162,21.726917009800673
000091.png,45.2,45.25,-0.11061946902655162,22.571624955162406
000092.png,45.2,45.25,-0.11061946902655162,22.73112500552088
000093.png,45.2,45.25,-0.11061946902655162,21.87833294738084
000094.png,45.2,45.25,-0.11061946902655162,22.61504193302244
000095.png,45.2,34.696054750402574,23.238816923888116,22.21879200078547
000096.png,45.2,45.25,-0.11061946902655162,22.74987509008497
000097.png,45.2,45.25,-0.11061946902655162,23.261833004653454
000098.png,45.2,45.25,-0.11061946902655162,22.68962503876537
000099.png,45.2,45.25,-0.11061946902655162,22.477124934084713
000100.png,45.2,32.985587761674715,27.02303592549842,23.976000025868416
000101.png,45.2,45.25,-0.11061946902655162,23.21262494660914
000102.png,45.2,43.97624798711755,2.70741595770454,23.97358394227922
000103.png,45.2,45.25,-0.11061946902655162,22.33562502078712
000104.png,45.2,45.25,-0.11061946902655162,23.860916029661894
000105.png,45.2,43.72149758454106,3.271023043050758,22.647583042271435
000106.png,45.2,45.25,-0.11061946902655162,23.95058295223862
000107.png,45.2,36.77045088566828,18.64944494321177,23.79445801489055
000108.png,45.2,34.36851851851852,23.96345460504753,24.914250010624528
000109.png,45.2,34.00458937198068,24.768607584113546,24.762124987319112
000110.png,45.2,10.167230273752015,77.50612771293802,23.861124995164573
000111.png,45.2,45.25,-0.11061946902655162,23.131541907787323
000112.png,45.2,45.25,-0.11061946902655162,24.602208053693175
000113.png,45.2,45.25,-0.11061946902655162,23.361833998933434
000114.png,45.2,44.8884,0.6893805309734602,23.99795805104077
000115.png,45.2,31.374109500805154,30.58825331680276,23.344542016275227
000116.png,45.2,31.020370370370376,31.370862012454925,24.4427080033347
000117.png,45.2,13.697342995169084,69.6961438159976,23.918749997392297
000118.png,45.2,9.665299194847023,78.61659470166587,23.143416037783027
000119.png,45.2,31.1476,31.089380530973454,24.285249994136393
000120.png,45.2,40.1876,11.089380530973447,25.210667052306235
000121.png,45.2,45.25,-0.11061946902655162,24.605083977803588
000122.png,45.2,45.25,-0.11061946902655162,23.75062496867031
000123.png,45.2,44.28573333333333,2.022713864306791,24.878666969016194
000124.png,45.2,45.25,-0.11061946902655162,24.863458005711436
000125.png,45.2,45.25,-0.11061946902655162,24.622875032946467
000126.png,45.2,38.18977455716586,15.509348324854288,23.649250040762126
000127.png,45.2,45.25,-0.11061946902655162,24.50975007377565
000128.png,45.2,43.803599999999996,3.0893805309734623,25.358375045470893
000129.png,45.2,45.25,-0.11061946902655162,22.924416000023484
000130.png,45.2,45.25,-0.11061946902655162,23.550499929115176
000131.png,45.2,45.25,-0.11061946902655162,23.565624956972897
000132.png,45.2,45.25,-0.11061946902655162,23.949540918692946
000133.png,45.2,45.25,-0.11061946902655162,23.664292064495385
000134.png,45.2,45.25,-0.11061946902655162,23.84066698141396
000135.png,45.2,43.79428341384863,3.1099924472375418,23.499708040617406
000136.png,45.2,39.57270531400966,12.449767004403412,24.825291009619832
000137.png,45.2,45.06803542673108,0.29195702050647254,23.62979098688811
000138.png,45.2,37.20716586151369,17.68326136833256,23.950416943989694
000139.png,45.2,24.51011465378422,45.77408262437119,23.06479203980416
000140.png,45.2,38.15338164251207,15.589863622760902,24.50254198629409
000141.png,45.2,45.25,-0.11061946902655162,23.348167072981596
000142.png,45.2,45.25,-0.11061946902655162,23.33758305758238
000143.png,45.2,45.25,-0.11061946902655162,23.599416948854923
000144.png,45.2,45.25,-0.11061946902655162,22.758209030143917
000145.png,45.2,45.25,-0.11061946902655162,23.363082902505994
000146.png,45.2,45.25,-0.11061946902655162,22.686250042170286
000147.png,45.2,45.25,-0.11061946902655162,22.090916987508535
000148.png,45.2,45.25,-0.11061946902655162,22.63320900965482
000149.png,45.2,45.25,-0.11061946902655162,23.024541907943785
000150.png,45.2,36.44291465378422,19.37408262437119,22.48749998398125
000151.png,45.2,45.25,-0.11061946902655162,22.270708112046123
000152.png,45.2,45.25,-0.11061946902655162,24.671416962519288
000153.png,45.2,45.25,-0.11061946902655162,22.239250014536083
000154.png,45.2,45.25,-0.11061946902655162,22.438666899688542
000155.png,45.2,45.25,-0.11061946902655162,22.842459031380713
000156.png,45.2,45.25,-0.11061946902655162,23.377457982860506
000157.png,45.2,34.88413333333334,22.822713864306778,22.61654194444418
000158.png,45.2,45.25,-0.11061946902655162,21.972332964651287
000159.png,45.2,45.25,-0.11061946902655162,20.893042092211545
000160.png,45.2,45.25,-0.11061946902655162,21.563832997344434
000161.png,45.2,45.25,-0.11061946902655162,22.05783303361386
000162.png,45.2,44.194605475040255,2.224324170264924,20.92212508432567
000163.png,45.2,42.520531400966185,5.928027873968622,21.023375098593533
000164.png,45.2,38.51731078904992,14.784710643694865,23.064249893650413
000165.png,45.2,45.21360708534622,-0.030104171119949008,21.328042028471828
000166.png,45.2,45.25,-0.11061946902655162,21.27212507184595
000167.png,45.2,45.25,-0.11061946902655162,21.607415983453393
000168.png,45.2,27.92697262479871,38.21466233451613,23.117917007766664
000169.png,45.2,28.8731884057971,36.12126458894447,20.935790962539613
000170.png,45.2,43.32117552334944,4.156691320023375,20.698416978120804
000171.png,45.2,45.25,-0.11061946902655162,21.22858294751495
000172.png,45.2,45.25,-0.11061946902655162,21.115667070262134
000173.png,45.2,45.25,-0.11061946902655162,20.539707969874144
000174.png,45.2,45.25,-0.11061946902655162,19.978541997261345
000175.png,45.2,45.25,-0.11061946902655162,21.04395895730704
000176.png,45.2,45.25,-0.11061946902655162,20.963417016901076
000177.png,45.2,45.25,-0.11061946902655162,21.022583008743823
000178.png,45.2,45.25,-0.11061946902655162,20.5212909495458
000179.png,45.2,45.25,-0.11061946902655162,21.58320799935609
000180.png,45.2,43.803599999999996,3.0893805309734623,21.441500051878393
000181.png,45.2,43.92413333333334,2.8227138643067806,20.85841598454863
000182.png,45.2,44.04466666666667,2.55604719764011,20.751167088747025
000183.png,45.2,45.25,-0.11061946902655162,20.785916014574468
000184.png,45.2,45.25,-0.11061946902655162,22.19104196410626
000185.png,45.2,45.25,-0.11061946902655162,20.647209021262825
000186.png,45.2,45.25,-0.11061946902655162,20.746124908328056
000187.png,45.2,45.25,-0.11061946902655162,19.82562500052154
000188.png,45.2,45.25,-0.11061946902655162,21.305875037796795
000189.png,45.2,45.25,-0.11061946902655162,20.466582966037095
000190.png,45.2,45.25,-0.11061946902655162,21.21199993416667
000191.png,45.2,45.25,-0.11061946902655162,21.24820789322257
000192.png,45.2,45.25,-0.11061946902655162,21.738374955020845
000193.png,45.2,45.25,-0.11061946902655162,21.42325008753687
000194.png,45.2,45.25,-0.11061946902655162,21.590415970422328
000195.png,45.2,45.25,-0.11061946902655162,19.984708982519805
000196.png,45.2,45.25,-0.11061946902655162,21.573958918452263
000197.png,45.2,45.25,-0.11061946902655162,21.167790982872248
000198.png,45.2,45.25,-0.11061946902655162,21.360957995057106
000199.png,45.2,45.25,-0.11061946902655162,20.61845804564655
000200.png,45.2,45.25,-0.11061946902655162,21.339999977499247
000201.png,45.2,45.25,-0.11061946902655162,19.634000025689602
000202.png,45.2,45.25,-0.11061946902655162,21.54175005853176
000203.png,45.2,45.25,-0.11061946902655162,21.114209084771574
000204.png,45.2,45.25,-0.11061946902655162,21.204540971666574
000205.png,45.2,45.25,-0.11061946902655162,20.841874997131526
000206.png,45.2,45.25,-0.11061946902655162,21.48275007493794
000207.png,45.2,45.25,-0.11061946902655162,20.06170805543661
000208.png,45.2,45.25,-0.11061946902655162,22.11687504313886
000209.png,45.2,45.25,-0.11061946902655162,20.37187502719462
000210.png,45.2,45.25,-0.11061946902655162,21.87745796982199
000211.png,45.2,45.25,-0.11061946902655162,21.16920903790742
000212.png,45.2,45.25,-0.11061946902655162,22.003958001732826
000213.png,45.2,41.1012077294686,9.068124492326113,21.18104207329452
000214.png,45.2,40.482528180354265,10.436884556738358,21.146291051991284
000215.png,45.2,37.6438808373591,16.717077793453328,22.25729206111282
000216.png,45.2,37.49830917874396,17.039138985079738,41.39479203149676
000217.png,45.2,45.25,-0.11061946902655162,21.762332995422184
000218.png,45.2,29.382689210950083,34.99405041825203,22.245583008043468
000219.png,45.2,33.45869565217391,25.976337052712594,22.044166922569275
000220.png,45.2,45.25,-0.11061946902655162,21.941583952866495
000221.png,45.2,45.25,-0.11061946902655162,20.984333008527756
000222.png,45.2,20.939533011272143,53.67359953258375,20.427417010068893
000223.png,45.2,45.25,-0.11061946902655162,20.493000047281384
000224.png,45.2,26.835185185185185,40.630121271714195,22.742083994671702
000225.png,45.2,27.708615136876013,38.69775412195573,21.11833298113197
000226.png,45.2,26.726006441223834,40.871667165434,22.06720900721848
000227.png,45.2,45.25,-0.11061946902655162,21.188874961808324
000228.png,45.2,45.25,-0.11061946902655162,21.995624992996454
000229.png,45.2,45.25,-0.11061946902655162,21.112125017680228
000230.png,45.2,36.479307568438,19.2935673264646,21.21945796534419
000231.png,45.2,38.44452495974235,14.94574123950807,21.99483395088464
000232.png,45.2,7.384773590982286,83.6620053296852,23.107999935746193
000233.png,45.2,32.714533333333335,27.62271386430678,21.952750044874847
000234.png,45.2,11.369652173913046,74.84590227010388,21.58091706223786
000235.png,45.2,9.902289855072466,78.0922790816981,22.335916990414262
000236.png,45.2,8.090602039720881,82.10043796521929,23.515707929618657
000237.png,45.2,43.46674718196458,3.834630128396954,22.088166908361018
000238.png,45.2,36.812666666666665,18.556047197640126,22.064708988182247
000239.png,45.2,45.25,-0.11061946902655162,22.237750003114343
000240.png,45.2,1.2073917337627484,97.32877935008241,22.99145795404911
000241.png,45.2,1.2203961352657005,97.30000855029712,21.689583081752062
000242.png,45.2,1.160226516371444,97.43312717616938,21.964875049889088
000243.png,45.2,45.25,-0.11061946902655162,21.751833031885326
000244.png,45.2,10.785909822866346,76.13736764852578,23.29949999693781
000245.png,45.2,45.25,-0.11061946902655162,22.208290989510715
000246.png,45.2,43.83067632850241,3.0294771493309502,22.095041000284255
000247.png,45.2,18.028099838969407,60.11482336511194,22.245541913434863
000248.png,45.2,11.914090177133657,73.64139341342111,22.92875002603978
000249.png,45.2,45.25,-0.11061946902655162,21.83579106349498
000250.png,45.2,45.25,-0.11061946902655162,22.81183295417577
000251.png,45.2,45.25,-0.11061946902655162,22.102874936535954
000252.png,45.2,11.149838969404188,75.33221466945976,22.974541992880404
000253.png,45.2,45.25,-0.11061946902655162,23.000082932412624
000254.png,45.2,43.35756843800322,4.076176022116773,22.556208074092865
000255.png,45.2,38.77206119162641,14.221103558348647,23.67599995341152
000256.png,45.2,15.054070853462159,66.69453351003946,25.632625096477568
000257.png,45.2,45.25,-0.11061946902655162,25.045291986316442
000258.png,45.2,45.25,-0.11061946902655162,24.892040994018316
000259.png,45.2,30.940500053676868,31.547566252927282,25.982624967582524
000260.png,45.2,45.25,-0.11061946902655162,26.144708041101694
000261.png,45.2,45.25,-0.11061946902655162,25.22720897104591
000262.png,45.2,45.25,-0.11061946902655162,24.039500043727458
000263.png,45.2,40.42167922705314,10.571506134838193,26.277166907675564
000264.png,45.2,29.105811916264095,35.606610804725456,25.438457960262895
000265.png,45.2,45.25,-0.11061946902655162,24.850166984833777
000266.png,45.2,45.25,-0.11061946902655162,24.65420903172344
000267.png,45.2,45.25,-0.11061946902655162,23.485957994125783
000268.png,45.2,45.25,-0.11061946902655162,26.295541902072728
000269.png,45.2,45.25,-0.11061946902655162,25.579041917808354
000270.png,45.2,33.131159420289855,26.70097473387201,24.707708042114973
000271.png,45.2,33.67705314009662,25.49324526527298,23.659041966311634
000272.png,45.2,41.42874396135265,8.3434868111667,24.116040905937552
000273.png,45.2,45.25,-0.11061946902655162,23.971667047590017
000274.png,45.2,45.25,-0.11061946902655162,22.965459036640823
000275.png,45.2,45.25,-0.11061946902655162,22.444291971623898
000276.png,45.2,45.25,-0.11061946902655162,23.750957916490734
000277.png,45.2,45.25,-0.11061946902655162,22.637167014181614
000278.png,45.2,45.25,-0.11061946902655162,22.242374951019883
000279.png,45.2,45.25,-0.11061946902655162,22.625416982918978
000280.png,45.2,45.25,-0.11061946902655162,22.760875057429075
000281.png,45.2,21.085104669887283,53.35153834095734,22.99870806746185
000282.png,45.2,41.46513687600644,8.262971513260098,21.922625019215047
000283.png,45.2,45.25,-0.11061946902655162,21.97229105513543
000284.png,45.2,45.25,-0.11061946902655162,22.03266602009535
000285.png,45.2,45.25,-0.11061946902655162,20.373792038299143
000286.png,45.2,17.60885346215781,61.042359596996,25.134083000011742
000287.png,45.2,15.267673000536771,66.22196238819298,22.076584049500525
000288.png,45.2,39.1028,13.489380530973449,21.96933305822313
000289.png,45.2,45.25,-0.11061946902655162,21.466500009410083
000290.png,45.2,38.62066666666667,14.55604719764011,22.756541962735355
000291.png,45.2,45.25,-0.11061946902655162,22.40195800550282
000292.png,45.2,30.956221792807302,31.512783644231636,22.05058408435434
000293.png,45.2,37.41533333333333,17.222713864306794,21.478333976119757
000294.png,45.2,34.25332281266774,24.218312361354567,21.23883308377117
000295.png,45.2,37.77693333333333,16.422713864306793,21.663624909706414
000296.png,45.2,37.77693333333333,16.422713864306793,22.020541946403682
000297.png,45.2,40.1876,11.089380530973447,21.4317919453606
000298.png,45.2,45.25,-0.11061946902655162,22.1380420261994
000299.png,45.2,45.25,-0.11061946902655162,21.70112496241927
000300.png,45.2,45.25,-0.11061946902655162,22.543333005160093
000301.png,45.2,45.25,-0.11061946902655162,21.77495905198157
000302.png,45.2,45.25,-0.11061946902655162,22.026291000656784
000303.png,45.2,45.25,-0.11061946902655162,22.37245801370591
000304.png,45.2,45.25,-0.11061946902655162,22.83545897807926
000305.png,45.2,45.25,-0.11061946902655162,22.87537499796599
000306.png,45.2,32.25772946859903,28.63334188363047,22.837750031612813
000307.png,45.2,45.25,-0.11061946902655162,22.976791951805353
000308.png,45.2,45.25,-0.11061946902655162,22.552625043317676
000309.png,45.2,45.25,-0.11061946902655162,21.523957955650985
000310.png,45.2,45.25,-0.11061946902655162,22.239582962356508
000311.png,45.2,20.248067632850244,55.203390192809195,22.013625013642013
000312.png,45.2,20.5756038647343,54.47875251164977,23.629290983080864
000313.png,45.2,45.25,-0.11061946902655162,22.757917060516775
000314.png,45.2,45.25,-0.11061946902655162,23.396375006996095
000315.png,45.2,19.920531400966187,55.928027873968624,23.09458388481289
000316.png,45.2,45.25,-0.11061946902655162,23.230916005559266
000317.png,45.2,45.25,-0.11061946902655162,22.51095906831324
000318.png,45.2,45.25,-0.11061946902655162,22.219000034965575
000319.png,45.2,45.25,-0.11061946902655162,22.6422919658944
000320.png,45.2,18.363885131508322,59.371935549760344,23.89854204375297
000321.png,45.2,38.954025764895334,13.818527068815634,23.72341707814485
000322.png,45.2,21.344222222222225,52.77826941986235,22.766708047129214
000323.png,45.2,45.21360708534622,-0.030104171119949008,21.948292036540806
000324.png,45.2,45.25,-0.11061946902655162,24.163166992366314
000325.png,45.2,45.25,-0.11061946902655162,23.13341700937599
000326.png,45.2,45.25,-0.11061946902655162,22.185583016835153
000327.png,45.2,45.25,-0.11061946902655162,22.18150009866804
000328.png,45.2,45.25,-0.11061946902655162,23.15299992915243
000329.png,45.2,41.634,7.8893805309734555,22.861750097945333
000330.png,45.2,45.25,-0.11061946902655162,21.937584038823843
000331.png,45.2,45.25,-0.11061946902655162,22.863208898343146
000332.png,45.2,45.25,-0.11061946902655162,23.929249960929155
000333.png,45.2,45.25,-0.11061946902655162,22.693124949000776
000334.png,45.2,45.25,-0.11061946902655162,23.087750072591007
000335.png,45.2,45.25,-0.11061946902655162,23.60962505917996
000336.png,45.2,45.25,-0.11061946902655162,24.008790962398052
000337.png,45.2,45.25,-0.11061946902655162,23.149042041040957
000338.png,45.2,45.25,-0.11061946902655162,23.41695805080235
000339.png,45.2,45.25,-0.11061946902655162,22.56429207045585
000340.png,45.2,45.25,-0.11061946902655162,25.128833018243313
000341.png,45.2,45.25,-0.11061946902655162,24.369999999180436
000342.png,45.2,45.25,-0.11061946902655162,23.565459065139294
000343.png,45.2,45.25,-0.11061946902655162,24.437834043055773
000344.png,45.2,45.25,-0.11061946902655162,24.860625038854778
000345.png,45.2,45.25,-0.11061946902655162,23.79970799665898
000346.png,45.2,45.25,-0.11061946902655162,23.907374939881265
000347.png,45.2,45.25,-0.11061946902655162,24.60487501230091
000348.png,45.2,45.25,-0.11061946902655162,24.11645802203566
000349.png,45.2,45.25,-0.11061946902655162,22.708625067025423
000350.png,45.2,36.2609500805153,19.776659113904206,24.072541971690953
000351.png,45.2,45.25,-0.11061946902655162,23.577791056595743
000352.png,45.2,45.25,-0.11061946902655162,23.522833012975752
000353.png,45.2,43.53953301127214,3.67359953258376,23.53633299935609
000354.png,45.2,45.25,-0.11061946902655162,24.550790898501873
000355.png,45.2,45.25,-0.11061946902655162,24.656582972966135
000356.png,45.2,45.25,-0.11061946902655162,24.55312490928918
000357.png,45.2,45.25,-0.11061946902655162,23.70612509548664
000358.png,45.2,45.25,-0.11061946902655162,23.453540983609855
000359.png,45.2,45.25,-0.11061946902655162,24.76754190865904
000360.png,45.2,37.42552334943639,17.200169580892954,25.544875068590045
000361.png,45.2,37.57109500805153,16.878108389266533,26.096416055224836
000362.png,45.2,45.25,-0.11061946902655162,24.84333293978125
000363.png,45.2,41.71988727858293,7.6993644279138795,24.88875004928559
000364.png,45.2,45.25,-0.11061946902655162,25.508957915008068
000365.png,45.2,45.25,-0.11061946902655162,24.35295796021819
000366.png,45.2,45.25,-0.11061946902655162,24.862542049959302
000367.png,45.2,45.25,-0.11061946902655162,24.91837495472282
000368.png,45.2,45.25,-0.11061946902655162,25.191958993673325
000369.png,45.2,45.25,-0.11061946902655162,24.176792008802295
000370.png,45.2,45.25,-0.11061946902655162,24.592582951299846
000371.png,45.2,45.25,-0.11061946902655162,24.972374900244176
000372.png,45.2,45.25,-0.11061946902655162,25.04266705363989
000373.png,45.2,24.808439506172842,45.11407188899814,23.27145799063146
000374.png,45.2,19.323687600644124,57.2484787596369,24.1092499345541
000375.png,45.2,44.667713365539456,1.1776252974790902,23.791084066033363
000376.png,45.2,36.98880837359098,18.166353155772175,24.469083989970386
000377.png,45.2,45.25,-0.11061946902655162,23.49195908755064
000378.png,45.2,45.25,-0.11061946902655162,24.021125049330294
000379.png,45.2,41.61070853462158,7.940910321633677,24.01862503029406
000380.png,45.2,45.25,-0.11061946902655162,24.677042034454644
000381.png,45.2,45.25,-0.11061946902655162,24.484541034325957
000382.png,45.2,45.25,-0.11061946902655162,23.845791933126748
000383.png,45.2,45.25,-0.11061946902655162,23.227207944728434
000384.png,45.2,45.25,-0.11061946902655162,23.931915988214314
000385.png,45.2,42.59331723027375,5.7669972781554275,22.76579092722386
000386.png,45.2,25.532609983896943,43.51192481438729,23.245249991305172
000387.png,45.2,45.25,-0.11061946902655162,23.785000084899366
000388.png,45.2,39.9366344605475,11.644614025337386,24.306499981321394
000389.png,45.2,45.25,-0.11061946902655162,24.917916976846755
000390.png,45.2,40.00942028985507,11.483583429524181,23.875624989159405
000391.png,45.2,45.25,-0.11061946902655162,23.41470797546208
000392.png,45.2,45.25,-0.11061946902655162,25.122999912127852
000393.png,45.2,45.25,-0.11061946902655162,23.407791974022985
000394.png,45.2,45.25,-0.11061946902655162,23.354000062681735
000395.png,45.2,45.25,-0.11061946902655162,23.437957977876067
000396.png,45.2,45.25,-0.11061946902655162,24.51524999924004
000397.png,45.2,45.25,-0.11061946902655162,23.704999941401184
000398.png,45.2,45.25,-0.11061946902655162,24.201708030886948
000399.png,45.2,45.25,-0.11061946902655162,23.867167066782713
000400.png,45.2,45.25,-0.11061946902655162,25.170457898639143
000401.png,45.2,45.25,-0.11061946902655162,23.941957973875105
000402.png,45.2,45.25,-0.11061946902655162,24.818875011987984
000403.png,45.2,45.25,-0.11061946902655162,24.919083109125495
000404.png,45.2,45.25,-0.11061946902655162,25.52766597364098
000405.png,45.2,45.25,-0.11061946902655162,23.736540926620364
000406.png,45.2,45.25,-0.11061946902655162,22.97633304260671
000407.png,45.2,45.25,-0.11061946902655162,24.410624988377094
000408.png,45.2,42.37495974235105,6.250089065595022,24.86991707701236
000409.png,45.2,45.25,-0.11061946902655162,25.17862501554191
000410.png,45.2,45.25,-0.11061946902655162,24.79075000155717
000411.png,45.2,45.25,-0.11061946902655162,24.319124990142882
000412.png,45.2,45.25,-0.11061946902655162,24.962457944639027
000413.png,45.2,45.25,-0.11061946902655162,22.983458009548485
000414.png,45.2,42.08381642512077,6.894211448847853,24.914917070418596
000415.png,45.2,45.25,-0.11061946902655162,24.019625037908554
000416.png,45.2,24.578824476650563,45.62206974192353,24.152709054760635
000417.png,45.2,18.646779388083736,58.7460633006997,23.871374898590147
000418.png,45.2,12.770051529790662,71.74767360665784,24.15374992415309
000419.png,45.2,12.844778314546431,71.58234886162293,24.535000091418624
000420.png,45.2,12.794798711755236,71.69292320408134,24.4411249877885
000421.png,45.2,45.25,-0.11061946902655162,24.292750051245093
000422.png,45.2,45.25,-0.11061946902655162,24.196083075366914
000423.png,45.2,6.988139345142243,84.53951472313663,23.7408330431208
000424.png,45.2,6.34655652173913,85.95894574836475,24.737457977607846
000425.png,45.2,4.712951368760065,89.57311644079631,23.884458001703024
000426.png,45.2,11.320157809983899,74.95540307525687,24.494417011737823
000427.png,45.2,0.9816586151368761,97.82818890456443,24.218124919570982
000428.png,45.2,0.05,99.88938053097345,24.815374985337257
000429.png,45.2,0.05,99.88938053097345,23.796541965566576
000430.png,45.2,0.05,99.88938053097345,23.555167019367218
000431.png,45.2,0.05,99.88938053097345,23.793083033524454
000432.png,45.2,0.05,99.88938053097345,23.96125008817762
000433.png,45.2,0.05,99.88938053097345,24.80108302552253
000434.png,45.2,0.05,99.88938053097345,24.665084085427225
000435.png,45.2,0.05,99.88938053097345,23.03512510843575
000436.png,45.2,0.05,99.88938053097345,24.67916696332395
000437.png,45.2,0.05,99.88938053097345,24.317875038832426
000438.png,45.2,0.05,99.88938053097345,24.21562501695007
000439.png,45.2,0.05,99.88938053097345,23.68874999228865
000440.png,45.2,0.05,99.88938053097345,24.69354192726314
000441.png,45.2,0.05,99.88938053097345,24.05641693621874
000442.png,45.2,0.05,99.88938053097345,24.216624908149242
000443.png,45.2,0.05,99.88938053097345,23.84104102384299
000444.png,45.2,0.05,99.88938053097345,24.443374946713448
000445.png,45.2,0.05,99.88938053097345,24.449791992083192
000446.png,45.2,0.05,99.88938053097345,23.782250005751848
